file,id,name,bqm_is_class_id,bqm_is_class_label,bqm_is_class_iri
Notenboom.sbml,BW,body weight,PBPKO:00008,bodyweight,http://purl.obolibrary.org/obo/PBPKO_00008
Notenboom.sbml,VLc,,,,
Notenboom.sbml,VBc,,,,
Notenboom.sbml,VL,,,,
Notenboom.sbml,VB,,,,
Notenboom.sbml,VLum,,,,
Notenboom.sbml,VRest,,,,
Notenboom.sbml,QC,,,,
Notenboom.sbml,QLc,,,,
Notenboom.sbml,QL,,,,
Notenboom.sbml,QRest,,,,
Notenboom.sbml,kabs,,,,
Notenboom.sbml,CLintMet1,,,,
Notenboom.sbml,CLintMet2,,,,
Notenboom.sbml,PL,,,,
Notenboom.sbml,PRest,,,,
Notenboom.sbml,CLumen,,,,
Notenboom.sbml,CLiver,,,,
Notenboom.sbml,CBlood,,,,
Notenboom.sbml,CRest,,,,
Mendez_Catala.sbml,BW,body weight,PBPKO:00008,bodyweight,http://purl.obolibrary.org/obo/PBPKO_00008
Mendez_Catala.sbml,VLc,,,,
Mendez_Catala.sbml,VBc,,,,
Mendez_Catala.sbml,VSITissuec,,,,
Mendez_Catala.sbml,VMB,,,,
Mendez_Catala.sbml,VSITissue,,,,
Mendez_Catala.sbml,VL,,,,
Mendez_Catala.sbml,VB,,,,
Mendez_Catala.sbml,VSI,,,,
Mendez_Catala.sbml,VSI1,,,,
Mendez_Catala.sbml,VSI2,,,,
Mendez_Catala.sbml,VSI3,,,,
Mendez_Catala.sbml,VSI4,,,,
Mendez_Catala.sbml,VSI5,,,,
Mendez_Catala.sbml,VSI6,,,,
Mendez_Catala.sbml,VSI7,,,,
Mendez_Catala.sbml,VRest,,,,
Mendez_Catala.sbml,QSIc,,,,
Mendez_Catala.sbml,QLc,,,,
Mendez_Catala.sbml,QC,,,,
Mendez_Catala.sbml,QL,,,,
Mendez_Catala.sbml,QSI,,,,
Mendez_Catala.sbml,QRest,,,,
Mendez_Catala.sbml,PL,,,,
Mendez_Catala.sbml,PSI,,,,
Mendez_Catala.sbml,PRest,,,,
Mendez_Catala.sbml,ksto,,,,
Mendez_Catala.sbml,kt1,,,,
Mendez_Catala.sbml,kt2,,,,
Mendez_Catala.sbml,kt3,,,,
Mendez_Catala.sbml,kt4,,,,
Mendez_Catala.sbml,kt5,,,,
Mendez_Catala.sbml,kt6,,,,
Mendez_Catala.sbml,kt7,,,,
Mendez_Catala.sbml,kfe,,,,
Mendez_Catala.sbml,PappCaco2_log,,,,
Mendez_Catala.sbml,Papp_in_vivo,,,,
Mendez_Catala.sbml,SASI,,,,
Mendez_Catala.sbml,kabsSI1,,,,
Mendez_Catala.sbml,kabsSI2,,,,
Mendez_Catala.sbml,kabsSI3,,,,
Mendez_Catala.sbml,kabsSI4,,,,
Mendez_Catala.sbml,kabsSI5,,,,
Mendez_Catala.sbml,kabsSI6,,,,
Mendez_Catala.sbml,kabsSI7,,,,
Mendez_Catala.sbml,SAinb,,,,
Mendez_Catala.sbml,kabsLI,,,,
Mendez_Catala.sbml,MW,,,,
Mendez_Catala.sbml,S9SI,,,,
Mendez_Catala.sbml,SI,,,,
Mendez_Catala.sbml,VmaxSIMet1c,,,,
Mendez_Catala.sbml,VmaxSIMet1,,,,
Mendez_Catala.sbml,KmSIMet1,,,,
Mendez_Catala.sbml,VmaxLIMet2c,,,,
Mendez_Catala.sbml,VmaxLIMet3c,,,,
Mendez_Catala.sbml,VmaxLIMet2,,,,
Mendez_Catala.sbml,VmaxLIMet3,,,,
Mendez_Catala.sbml,KmLIMet2,,,,
Mendez_Catala.sbml,KmLIMet3,,,,
Mendez_Catala.sbml,VLS9,,,,
Mendez_Catala.sbml,L,,,,
Mendez_Catala.sbml,VmaxLMet2c,,,,
Mendez_Catala.sbml,VmaxLMet3c,,,,
Mendez_Catala.sbml,VmaxLMet1c,,,,
Mendez_Catala.sbml,VmaxLMet2,,,,
Mendez_Catala.sbml,VmaxLMet3,,,,
Mendez_Catala.sbml,VmaxLMet1,,,,
Mendez_Catala.sbml,KmLMet2,,,,
Mendez_Catala.sbml,KmLMet3,,,,
Mendez_Catala.sbml,KmLMet1,,,,
Mendez_Catala.sbml,CSI1,,,,
Mendez_Catala.sbml,CSI2,,,,
Mendez_Catala.sbml,CSI3,,,,
Mendez_Catala.sbml,CSI4,,,,
Mendez_Catala.sbml,CSI5,,,,
Mendez_Catala.sbml,CSI6,,,,
Mendez_Catala.sbml,CSI7,,,,
Mendez_Catala.sbml,CSITissue,,,,
Mendez_Catala.sbml,CLiver,,,,
Mendez_Catala.sbml,CBlood,,,,
Mendez_Catala.sbml,CLI1,,,,
Mendez_Catala.sbml,SITissueMet1,,,,
Mendez_Catala.sbml,L1Met2,,,,
Mendez_Catala.sbml,L1Met3,,,,
Mendez_Catala.sbml,LiverMet2,,,,
Mendez_Catala.sbml,LiverMet3,,,,
Mendez_Catala.sbml,LiverMet1,,,,
Wang.sbml,BW,body weight,PBPKO:00008,bodyweight,http://purl.obolibrary.org/obo/PBPKO_00008
Wang.sbml,VLc,,,,
Wang.sbml,VBc,,,,
Wang.sbml,VITc,,,,
Wang.sbml,VL,,,,
Wang.sbml,VB,,,,
Wang.sbml,VIT,,,,
Wang.sbml,Ddm,,,,
Wang.sbml,LJdm,,,,
Wang.sbml,LIdm,,,,
Wang.sbml,LLIdm,,,,
Wang.sbml,VJ,,,,
Wang.sbml,VI,,,,
Wang.sbml,VLI,,,,
Wang.sbml,SAJ,,,,
Wang.sbml,SAI,,,,
Wang.sbml,SALI,,,,
Wang.sbml,VRest,,,,
Wang.sbml,QC,,,,
Wang.sbml,QLc,,,,
Wang.sbml,QITc,,,,
Wang.sbml,QL,,,,
Wang.sbml,QIT,,,,
Wang.sbml,QRest,,,,
Wang.sbml,RBP,,,,
Wang.sbml,fu,,,,
Wang.sbml,PL,,,,
Wang.sbml,PIT,,,,
Wang.sbml,PRest,,,,
Wang.sbml,ksto,,,,
Wang.sbml,kt1,,,,
Wang.sbml,kt2,,,,
Wang.sbml,PappDONc,,,,
Wang.sbml,Papp_dm_h,,,,
Wang.sbml,kabsJ,,,,
Wang.sbml,kabsI,,,,
Wang.sbml,kabsLI,,,,
Wang.sbml,CLint,,,,
Wang.sbml,ALiv,,,,
Wang.sbml,CSt,,,,
Wang.sbml,CJ,,,,
Wang.sbml,CI,,,,
Wang.sbml,CLI,,,,
Wang.sbml,CIT,,,,
Wang.sbml,CLiver,,,,
Wang.sbml,CBlood,,,,
Wang.sbml,CRest,,,,
Wang.sbml,Met,,,,
Gilbert_Sandoval.sbml,BW,body weight,PBPKO:00008,bodyweight,http://purl.obolibrary.org/obo/PBPKO_00008
Gilbert_Sandoval.sbml,VLc,,,,
Gilbert_Sandoval.sbml,VBc,,,,
Gilbert_Sandoval.sbml,VSI,,,,
Gilbert_Sandoval.sbml,VL,,,,
Gilbert_Sandoval.sbml,VB,,,,
Gilbert_Sandoval.sbml,VRest,,,,
Gilbert_Sandoval.sbml,QC,,,,
Gilbert_Sandoval.sbml,QLc,,,,
Gilbert_Sandoval.sbml,QL,,,,
Gilbert_Sandoval.sbml,QRest,,,,
Gilbert_Sandoval.sbml,PL,,,,
Gilbert_Sandoval.sbml,PRest,,,,
Gilbert_Sandoval.sbml,ksto,,,,
Gilbert_Sandoval.sbml,kt,,,,
Gilbert_Sandoval.sbml,kfe,,,,
Gilbert_Sandoval.sbml,kabs,,,,
Gilbert_Sandoval.sbml,kabsSI1,,,,
Gilbert_Sandoval.sbml,kabsSI2,,,,
Gilbert_Sandoval.sbml,kabsSI3,,,,
Gilbert_Sandoval.sbml,kabsSI4,,,,
Gilbert_Sandoval.sbml,kabsSI5,,,,
Gilbert_Sandoval.sbml,kabsSI6,,,,
Gilbert_Sandoval.sbml,kabsSI7,,,,
Gilbert_Sandoval.sbml,MPL,,,,
Gilbert_Sandoval.sbml,VmaxMet1c,,,,
Gilbert_Sandoval.sbml,VmaxMet2c,,,,
Gilbert_Sandoval.sbml,nMet1,,,,
Gilbert_Sandoval.sbml,nMet2,,,,
Gilbert_Sandoval.sbml,S50Met1,,,,
Gilbert_Sandoval.sbml,S50Met2,,,,
Gilbert_Sandoval.sbml,VmaxMet1,,,,
Gilbert_Sandoval.sbml,VmaxMet2,,,,
Gilbert_Sandoval.sbml,CSt,,,,
Gilbert_Sandoval.sbml,CSI1,,,,
Gilbert_Sandoval.sbml,CSI2,,,,
Gilbert_Sandoval.sbml,CSI3,,,,
Gilbert_Sandoval.sbml,CSI4,,,,
Gilbert_Sandoval.sbml,CSI5,,,,
Gilbert_Sandoval.sbml,CSI6,,,,
Gilbert_Sandoval.sbml,CSI7,,,,
Gilbert_Sandoval.sbml,CLiver,,,,
Gilbert_Sandoval.sbml,CBlood,,,,
Gilbert_Sandoval.sbml,CRest,,,,
Gilbert_Sandoval.sbml,MetLiver1,,,,
Gilbert_Sandoval.sbml,MetLiver2,,,,
Mukherjee.sbml,BW,body weight,PBPKO:00008,bodyweight,http://purl.obolibrary.org/obo/PBPKO_00008
Mukherjee.sbml,VLc,,,,
Mukherjee.sbml,VBc,,,,
Mukherjee.sbml,VGc,,,,
Mukherjee.sbml,VL,,,,
Mukherjee.sbml,VB,,,,
Mukherjee.sbml,VG,,,,
Mukherjee.sbml,VSt,,,,
Mukherjee.sbml,VSpleen,,,,
Mukherjee.sbml,VBile,,,,
Mukherjee.sbml,VRest,,,,
Mukherjee.sbml,QC,,,,
Mukherjee.sbml,QLc,,,,
Mukherjee.sbml,QGc,,,,
Mukherjee.sbml,QL,,,,
Mukherjee.sbml,QG,,,,
Mukherjee.sbml,QSpleen,,,,
Mukherjee.sbml,QSt,,,,
Mukherjee.sbml,QRest,,,,
Mukherjee.sbml,QBile,,,,
Mukherjee.sbml,QLhep,,,,
Mukherjee.sbml,PL,,,,
Mukherjee.sbml,PRest,,,,
Mukherjee.sbml,PG,,,,
Mukherjee.sbml,PStomach,,,,
Mukherjee.sbml,PSpleen,,,,
Mukherjee.sbml,ktFL,,,,
Mukherjee.sbml,ktSL,,,,
Mukherjee.sbml,kt,,,,
Mukherjee.sbml,kabsFL,,,,
Mukherjee.sbml,kabsSL,,,,
Mukherjee.sbml,kfe,,,,
Mukherjee.sbml,kbiliary,,,,
Mukherjee.sbml,VmaxGZEA,,,,
Mukherjee.sbml,KmGZEA,,,,
Mukherjee.sbml,VLkg,,,,
Mukherjee.sbml,CLintLMet1C,,,,
Mukherjee.sbml,CLintLMet1,,,,
Mukherjee.sbml,CLintLMet2C,,,,
Mukherjee.sbml,CLintLMet2,,,,
Mukherjee.sbml,CLintLMet3C,,,,
Mukherjee.sbml,CLintLMet3,,,,
Mukherjee.sbml,CLintLMet4C,,,,
Mukherjee.sbml,CLintLMet4,,,,
Mukherjee.sbml,AMet,,,,
Mukherjee.sbml,CGut,,,,
Mukherjee.sbml,CLiver,,,,
Mukherjee.sbml,CBlood,,,,
Mukherjee.sbml,CRest,,,,
Mukherjee.sbml,CStomach,,,,
Mukherjee.sbml,CSpleen,,,,
Mukherjee.sbml,CBile,,,,
BechauxCd_Female.sbml,Age,,,,
BechauxCd_Female.sbml,BW,body weight,PBPKO:00008,bodyweight,http://purl.obolibrary.org/obo/PBPKO_00008
BechauxCd_Female.sbml,C5,,,,
BechauxCd_Female.sbml,C6,,,,
BechauxCd_Female.sbml,C7,,,,
BechauxCd_Female.sbml,C8,,,,
BechauxCd_Female.sbml,C9,,,,
BechauxCd_Female.sbml,C10,,,,
BechauxCd_Female.sbml,C12,,,,
BechauxCd_Female.sbml,C13,,,,
BechauxCd_Female.sbml,C14,,,,
BechauxCd_Female.sbml,C16,,,,
BechauxCd_Female.sbml,C17,,,,
BechauxCd_Female.sbml,C18,,,,
BechauxCd_Female.sbml,CX,,,,
BechauxCd_Male.sbml,Age,,,,
BechauxCd_Male.sbml,BW,body weight,PBPKO:00008,bodyweight,http://purl.obolibrary.org/obo/PBPKO_00008
BechauxCd_Male.sbml,C5,,,,
BechauxCd_Male.sbml,C6,,,,
BechauxCd_Male.sbml,C7,,,,
BechauxCd_Male.sbml,C8,,,,
BechauxCd_Male.sbml,C9,,,,
BechauxCd_Male.sbml,C10,,,,
BechauxCd_Male.sbml,C12,,,,
BechauxCd_Male.sbml,C13,,,,
BechauxCd_Male.sbml,C14,,,,
BechauxCd_Male.sbml,C16,,,,
BechauxCd_Male.sbml,C17,,,,
BechauxCd_Male.sbml,C18,,,,
BechauxCd_Male.sbml,CX,,,,
RuizCd_Male.sbml,Age,,,,
RuizCd_Male.sbml,BW,body weight,PBPKO:00008,bodyweight,http://purl.obolibrary.org/obo/PBPKO_00008
RuizCd_Male.sbml,C5,,,,
RuizCd_Male.sbml,C6,,,,
RuizCd_Male.sbml,C7,,,,
RuizCd_Male.sbml,C8,,,,
RuizCd_Male.sbml,C9,,,,
RuizCd_Male.sbml,C10,,,,
RuizCd_Male.sbml,C12,,,,
RuizCd_Male.sbml,C13,,,,
RuizCd_Male.sbml,C14,,,,
RuizCd_Male.sbml,C16,,,,
RuizCd_Male.sbml,C17,,,,
RuizCd_Male.sbml,C18,,,,
RuizCd_Male.sbml,CX,,,,
RuizCd_Female.sbml,Age,,,,
RuizCd_Female.sbml,BW,body weight,PBPKO:00008,bodyweight,http://purl.obolibrary.org/obo/PBPKO_00008
RuizCd_Female.sbml,C5,,,,
RuizCd_Female.sbml,C6,,,,
RuizCd_Female.sbml,C7,,,,
RuizCd_Female.sbml,C8,,,,
RuizCd_Female.sbml,C9,,,,
RuizCd_Female.sbml,C10,,,,
RuizCd_Female.sbml,C12,,,,
RuizCd_Female.sbml,C13,,,,
RuizCd_Female.sbml,C14,,,,
RuizCd_Female.sbml,C16,,,,
RuizCd_Female.sbml,C17,,,,
RuizCd_Female.sbml,C18,,,,
RuizCd_Female.sbml,CX,,,,
OFlaherty2000_Pb.sbml,Age,,,,
OFlaherty2000_Pb.sbml,BW,body weight,PBPKO:00008,bodyweight,http://purl.obolibrary.org/obo/PBPKO_00008
OFlaherty2000_Pb.sbml,VLc,,,,
OFlaherty2000_Pb.sbml,VBc,,,,
OFlaherty2000_Pb.sbml,VL,,,,
OFlaherty2000_Pb.sbml,VB,,,,
OFlaherty2000_Pb.sbml,VRest,,,,
OFlaherty2000_Pb.sbml,QC,,,,
OFlaherty2000_Pb.sbml,QLc,,,,
OFlaherty2000_Pb.sbml,QL,,,,
OFlaherty2000_Pb.sbml,QRest,,,,
OFlaherty2000_Pb.sbml,HtcA,,,,
OFlaherty2000_Pb.sbml,Htc,hematocrit,,,
OFlaherty2000_Pb.sbml,PL,,,,
OFlaherty2000_Pb.sbml,PRest,,,,
OFlaherty2000_Pb.sbml,G,,,,
OFlaherty2000_Pb.sbml,BIND,,,,
OFlaherty2000_Pb.sbml,KBIND,,,,
OFlaherty2000_Pb.sbml,CLiver,,,,
OFlaherty2000_Pb.sbml,CBlood,,,,
OFlaherty2000_Pb.sbml,CRest,,,,
PouillotCd.sbml,Age,,,,
PouillotCd.sbml,BW,body weight,PBPKO:00008,bodyweight,http://purl.obolibrary.org/obo/PBPKO_00008
PouillotCd.sbml,C5,,,,
PouillotCd.sbml,C6,,,,
PouillotCd.sbml,C7,,,,
PouillotCd.sbml,C9,,,,
PouillotCd.sbml,C10,,,,
PouillotCd.sbml,C12,,,,
PouillotCd.sbml,C13,,,,
PouillotCd.sbml,C14,,,,
PouillotCd.sbml,C16,,,,
PouillotCd.sbml,C17,,,,
PouillotCd.sbml,C18,,,,
PouillotCd.sbml,CX,,,,
Tebby2022_Pb.sbml,Age,,,,
Tebby2022_Pb.sbml,BW,body weight,PBPKO:00008,bodyweight,http://purl.obolibrary.org/obo/PBPKO_00008
Tebby2022_Pb.sbml,VLc,,,,
Tebby2022_Pb.sbml,VBc,,,,
Tebby2022_Pb.sbml,VL,,,,
Tebby2022_Pb.sbml,VB,,,,
Tebby2022_Pb.sbml,VRest,,,,
Tebby2022_Pb.sbml,QC,,,,
Tebby2022_Pb.sbml,QLc,,,,
Tebby2022_Pb.sbml,QL,,,,
Tebby2022_Pb.sbml,QRest,,,,
Tebby2022_Pb.sbml,HtcA,,,,
Tebby2022_Pb.sbml,Htc,hematocrit,,,
Tebby2022_Pb.sbml,PL,,,,
Tebby2022_Pb.sbml,PRest,,,,
Tebby2022_Pb.sbml,G,,,,
Tebby2022_Pb.sbml,BIND,,,,
Tebby2022_Pb.sbml,KBIND,,,,
Tebby2022_Pb.sbml,CLiver,,,,
Tebby2022_Pb.sbml,CBlood,,,,
Tebby2022_Pb.sbml,CRest,,,,
Carrier2001_Hg.sbml,BW,body weight,PBPKO:00008,bodyweight,http://purl.obolibrary.org/obo/PBPKO_00008
Carrier2001_Hg.sbml,VGIc,,,,
Carrier2001_Hg.sbml,VBc,,,,
Carrier2001_Hg.sbml,VLc,,,,
Carrier2001_Hg.sbml,VB,,,,
Carrier2001_Hg.sbml,VGI,,,,
Carrier2001_Hg.sbml,VL,,,,
Carrier2001_Hg.sbml,kabs,,,,
Carrier2001_Hg.sbml,Frac,,,,
Carrier2001_Hg.sbml,kmet_liver,,,,
Carrier2001_Hg.sbml,CGI,,,,
Carrier2001_Hg.sbml,CBlood,,,,
KjellstromCd.sbml,Age,,,,
KjellstromCd.sbml,BW,body weight,PBPKO:00008,bodyweight,http://purl.obolibrary.org/obo/PBPKO_00008
KjellstromCd.sbml,C5,,,,
KjellstromCd.sbml,C6,,,,
KjellstromCd.sbml,C7,,,,
KjellstromCd.sbml,C8,,,,
KjellstromCd.sbml,C9,,,,
KjellstromCd.sbml,C10,,,,
KjellstromCd.sbml,C12,,,,
KjellstromCd.sbml,C13,,,,
KjellstromCd.sbml,C14,,,,
KjellstromCd.sbml,C16,,,,
KjellstromCd.sbml,C17,,,,
KjellstromCd.sbml,C18,,,,
KjellstromCd.sbml,CX,,,,
Karrer.sbml,BW,body weight,PBPKO:00008,bodyweight,http://purl.obolibrary.org/obo/PBPKO_00008
Karrer.sbml,VLc,,,,
Karrer.sbml,VPlasmac,,,,
Karrer.sbml,VL,,,,
Karrer.sbml,VPlasma,,,,
Karrer.sbml,VRest,,,,
Karrer.sbml,enterocytes,,,,
Karrer.sbml,QC,,,,
Karrer.sbml,QLc,,,,
Karrer.sbml,QL,,,,
Karrer.sbml,QRest,,,,
Karrer.sbml,PL,,,,
Karrer.sbml,PRest,,,,
Karrer.sbml,kstoC,,,,
Karrer.sbml,ksto,,,,
Karrer.sbml,k0C,,,,
Karrer.sbml,k0,,,,
Karrer.sbml,kabsC,,,,
Karrer.sbml,kabs,,,,
Karrer.sbml,kfeC,,,,
Karrer.sbml,kfe,,,,
Karrer.sbml,kfeMetC,,,,
Karrer.sbml,kfeMet,,,,
Karrer.sbml,kabsMet1C,,,,
Karrer.sbml,kabsMet1,,,,
Karrer.sbml,kabsMet2C,,,,
Karrer.sbml,kabsMet2,,,,
Karrer.sbml,EHRrateC,,,,
Karrer.sbml,EHRrate,,,,
Karrer.sbml,kehrMet1C,,,,
Karrer.sbml,kehrMet1,,,,
Karrer.sbml,kehrMet2C,,,,
Karrer.sbml,kehrMet2,,,,
Karrer.sbml,BileFracSIMet1,,,,
Karrer.sbml,BileFracSIMet2,,,,
Karrer.sbml,fGutMet1,,,,
Karrer.sbml,KmGILumenMet1,,,,
Karrer.sbml,VmaxGILumenMet1c,,,,
Karrer.sbml,VmaxGILumenMet1,,,,
Karrer.sbml,fGutMet2,,,,
Karrer.sbml,KmGILumenMet2,,,,
Karrer.sbml,VmaxGILumenMet2c,,,,
Karrer.sbml,VmaxGILumenMet2,,,,
Karrer.sbml,BileFracLMet1,,,,
Karrer.sbml,BileFracLMet2,,,,
Karrer.sbml,fLiverMet1,,,,
Karrer.sbml,KmLMet1,,,,
Karrer.sbml,VmaxLMet1c,,,,
Karrer.sbml,VmaxLMet1,,,,
Karrer.sbml,fLiverMet2,,,,
Karrer.sbml,KmLMet2,,,,
Karrer.sbml,VmaxLMet2c,,,,
Karrer.sbml,VmaxLMet2,,,,
Karrer.sbml,CSt,,,,
Karrer.sbml,CSI,,,,
Karrer.sbml,CLiver,,,,
Karrer.sbml,CPlasma,,,,
Karrer.sbml,CRest,,,,
Karrer.sbml,ABile,,,,
Karrer.sbml,CGut,,,,
Sharma.sbml,BW,body weight,PBPKO:00008,bodyweight,http://purl.obolibrary.org/obo/PBPKO_00008
Sharma.sbml,VLc,,,,
Sharma.sbml,VPlasmac,,,,
Sharma.sbml,VGc,,,,
Sharma.sbml,VL,,,,
Sharma.sbml,VPlasma,,,,
Sharma.sbml,VG,,,,
Sharma.sbml,VRest,,,,
Sharma.sbml,QC,,,,
Sharma.sbml,QLc,,,,
Sharma.sbml,QGc,,,,
Sharma.sbml,QL,,,,
Sharma.sbml,QG,,,,
Sharma.sbml,QRest,,,,
Sharma.sbml,Hct,,,,
Sharma.sbml,fup,,,,
Sharma.sbml,k0C,,,,
Sharma.sbml,k0,,,,
Sharma.sbml,kstoC,,,,
Sharma.sbml,ksto,,,,
Sharma.sbml,kabsC,,,,
Sharma.sbml,kabs,,,,
Sharma.sbml,VmaxGMet1C,,,,
Sharma.sbml,VmaxGMet1,,,,
Sharma.sbml,KmGMet1,,,,
Sharma.sbml,VmaxLMet1C,,,,
Sharma.sbml,VmaxLMet1,,,,
Sharma.sbml,KmLMet1,,,,
Sharma.sbml,VmaxLMet2C,,,,
Sharma.sbml,VmaxLMet2,,,,
Sharma.sbml,KmLMet2,,,,
Sharma.sbml,PL,,,,
Sharma.sbml,PRest,,,,
Sharma.sbml,CLiver,,,,
Sharma.sbml,CPlasma,,,,
Sharma.sbml,CPlasma_Total,,,,
Sharma.sbml,CGut,,,,
Sharma.sbml,CRest,,,,
Hu.sbml,BW,body weight,PBPKO:00008,bodyweight,http://purl.obolibrary.org/obo/PBPKO_00008
Hu.sbml,VLc,,,,
Hu.sbml,VPlasmac,,,,
Hu.sbml,VL,,,,
Hu.sbml,VPlasma,,,,
Hu.sbml,VRest,,,,
Hu.sbml,enterocytes,,,,
Hu.sbml,QC,,,,
Hu.sbml,QLc,,,,
Hu.sbml,QL,,,,
Hu.sbml,QRest,,,,
Hu.sbml,PL,,,,
Hu.sbml,PRest,,,,
Hu.sbml,kstoC,,,,
Hu.sbml,ksto,,,,
Hu.sbml,k0C,,,,
Hu.sbml,k0,,,,
Hu.sbml,kabsC,,,,
Hu.sbml,kabs,,,,
Hu.sbml,kfeC,,,,
Hu.sbml,kfe,,,,
Hu.sbml,kfeMetC,,,,
Hu.sbml,kfeMet,,,,
Hu.sbml,kabsMet1C,,,,
Hu.sbml,kabsMet1,,,,
Hu.sbml,kabsMet2C,,,,
Hu.sbml,kabsMet2,,,,
Hu.sbml,EHRrateC,,,,
Hu.sbml,EHRrate,,,,
Hu.sbml,kehrMet1C,,,,
Hu.sbml,kehrMet1,,,,
Hu.sbml,kehrMet2C,,,,
Hu.sbml,kehrMet2,,,,
Hu.sbml,BileFracSIMet1,,,,
Hu.sbml,BileFracSIMet2,,,,
Hu.sbml,fGutMet1,,,,
Hu.sbml,KmGILumenMet1,,,,
Hu.sbml,VmaxGILumenMet1c,,,,
Hu.sbml,VmaxGILumenMet1,,,,
Hu.sbml,fGutMet2,,,,
Hu.sbml,KmGILumenMet2,,,,
Hu.sbml,VmaxGILumenMet2c,,,,
Hu.sbml,VmaxGILumenMet2,,,,
Hu.sbml,BileFracLMet1,,,,
Hu.sbml,BileFracLMet2,,,,
Hu.sbml,fLiverMet1,,,,
Hu.sbml,KmLMet1,,,,
Hu.sbml,VmaxLMet1c,,,,
Hu.sbml,VmaxLMet1,,,,
Hu.sbml,fLiverMet2,,,,
Hu.sbml,KmLMet2,,,,
Hu.sbml,VmaxLMet2c,,,,
Hu.sbml,VmaxLMet2,,,,
Hu.sbml,CSt,,,,
Hu.sbml,CSI,,,,
Hu.sbml,CLiver,,,,
Hu.sbml,CPlasma,,,,
Hu.sbml,CRest,,,,
Hu.sbml,ABile,,,,
Hu.sbml,CGut,,,,
Moreau.sbml,BW,body weight,PBPKO:00008,bodyweight,http://purl.obolibrary.org/obo/PBPKO_00008
Moreau.sbml,VLC,,,,
Moreau.sbml,VGITissueC,,,,
Moreau.sbml,VL,,,,
Moreau.sbml,VGITissue,,,,
Moreau.sbml,VPlasma,,,,
Moreau.sbml,VRest,,,,
Moreau.sbml,QC,,,,
Moreau.sbml,Hct,,,,
Moreau.sbml,QCPlasma,,,,
Moreau.sbml,QGIc,,,,
Moreau.sbml,QLc,,,,
Moreau.sbml,QGI,,,,
Moreau.sbml,QL,,,,
Moreau.sbml,QRest,,,,
Moreau.sbml,PL,,,,
Moreau.sbml,PGI,,,,
Moreau.sbml,PRest,,,,
Moreau.sbml,ksto,,,,
Moreau.sbml,kabs,,,,
Moreau.sbml,Fa,,,,
Moreau.sbml,CLintC,,,,
Moreau.sbml,CLint,,,,
Moreau.sbml,CLintB,,,,
Moreau.sbml,CGITissue,,,,
Moreau.sbml,CLiver,,,,
Moreau.sbml,CPlasma,,,,
Moreau.sbml,CRest,,,,
Moreau.sbml,Met,,,,
Deepika.sbml,BW,body weight,PBPKO:00008,bodyweight,http://purl.obolibrary.org/obo/PBPKO_00008
Deepika.sbml,VLc,,,,
Deepika.sbml,VPlasmac,,,,
Deepika.sbml,VGc,,,,
Deepika.sbml,VL,,,,
Deepika.sbml,VPlasma,,,,
Deepika.sbml,VG,,,,
Deepika.sbml,VRest,,,,
Deepika.sbml,QC,,,,
Deepika.sbml,QLc,,,,
Deepika.sbml,QGc,,,,
Deepika.sbml,QL,,,,
Deepika.sbml,QG,,,,
Deepika.sbml,QRest,,,,
Deepika.sbml,Hct,,,,
Deepika.sbml,fup,,,,
Deepika.sbml,k0C,,,,
Deepika.sbml,k0,,,,
Deepika.sbml,kstoC,,,,
Deepika.sbml,ksto,,,,
Deepika.sbml,kabsC,,,,
Deepika.sbml,kabs,,,,
Deepika.sbml,VmaxGMet1C,,,,
Deepika.sbml,VmaxGMet1,,,,
Deepika.sbml,KmGMet1,,,,
Deepika.sbml,VmaxLMet1C,,,,
Deepika.sbml,VmaxLMet1,,,,
Deepika.sbml,KmLMet1,,,,
Deepika.sbml,VmaxLMet2C,,,,
Deepika.sbml,VmaxLMet2,,,,
Deepika.sbml,KmLMet2,,,,
Deepika.sbml,PL,,,,
Deepika.sbml,PRest,,,,
Deepika.sbml,CLiver,,,,
Deepika.sbml,CPlasma,,,,
Deepika.sbml,CPlasma_Total,,,,
Deepika.sbml,CGut,,,,
Deepika.sbml,CRest,,,,
Shin.sbml,BW,body weight,PBPKO:00008,bodyweight,http://purl.obolibrary.org/obo/PBPKO_00008
Shin.sbml,VL,,,,
Shin.sbml,VB,,,,
Shin.sbml,VSt,,,,
Shin.sbml,VSpleen,,,,
Shin.sbml,VSI,,,,
Shin.sbml,VRest,,,,
Shin.sbml,QC,,,,
Shin.sbml,QL,,,,
Shin.sbml,QSpleen,,,,
Shin.sbml,QSt,,,,
Shin.sbml,QSI,,,,
Shin.sbml,QRest,,,,
Shin.sbml,RBS,,,,
Shin.sbml,PL,,,,
Shin.sbml,PSpleen,,,,
Shin.sbml,PSt,,,,
Shin.sbml,PSI,,,,
Shin.sbml,PRest,,,,
Shin.sbml,kabs,,,,
Shin.sbml,CLint,,,,
Shin.sbml,CIL,,,,
Shin.sbml,CSI,,,,
Shin.sbml,CSpleen,,,,
Shin.sbml,CSt,,,,
Shin.sbml,CLiver,,,,
Shin.sbml,CBlood,,,,
Shin.sbml,CRest,,,,
Shin.sbml,Met,,,,
Mielke.sbml,BW,body weight,PBPKO:00008,bodyweight,http://purl.obolibrary.org/obo/PBPKO_00008
Mielke.sbml,VLc,,,,
Mielke.sbml,VBc,,,,
Mielke.sbml,VL,,,,
Mielke.sbml,VB,,,,
Mielke.sbml,VRest,,,,
Mielke.sbml,QL,,,,
Mielke.sbml,QC,,,,
Mielke.sbml,QRest,,,,
Mielke.sbml,PL,,,,
Mielke.sbml,PRest,,,,
Mielke.sbml,kabs,,,,
Mielke.sbml,KmLMet1,,,,
Mielke.sbml,VmaxLMet1C,,,,
Mielke.sbml,VmaxLMet1,,,,
Mielke.sbml,KmLMet2,,,,
Mielke.sbml,VmaxLMet2C,,,,
Mielke.sbml,VmaxLMet2,,,,
Mielke.sbml,CBlood,,,,
Mielke.sbml,CLiver,,,,
Mielke.sbml,CVL,,,,
Mielke.sbml,CRest,,,,
Teeguarden.sbml,BW,body weight,PBPKO:00008,bodyweight,http://purl.obolibrary.org/obo/PBPKO_00008
Teeguarden.sbml,VLc,,,,
Teeguarden.sbml,VBc,,,,
Teeguarden.sbml,VL,,,,
Teeguarden.sbml,VB,,,,
Teeguarden.sbml,VRest,,,,
Teeguarden.sbml,QCc,,,,
Teeguarden.sbml,QC,,,,
Teeguarden.sbml,QLc,,,,
Teeguarden.sbml,QL,,,,
Teeguarden.sbml,QRest,,,,
Teeguarden.sbml,PL,,,,
Teeguarden.sbml,PRest,,,,
Teeguarden.sbml,RBP,,,,
Teeguarden.sbml,kabsMet1C,,,,
Teeguarden.sbml,kabsMet1,,,,
Teeguarden.sbml,VmaxLMetC,,,,
Teeguarden.sbml,VmaxLMet,,,,
Teeguarden.sbml,KmLMet,,,,
Teeguarden.sbml,MW,,,,
Teeguarden.sbml,MWMet,,,,
Teeguarden.sbml,BileFrac,,,,
Teeguarden.sbml,kehrMet1C,,,,
Teeguarden.sbml,kehrMet1,,,,
Teeguarden.sbml,kfeC,,,,
Teeguarden.sbml,kfe,,,,
Teeguarden.sbml,CBlood,,,,
Teeguarden.sbml,CLiver,,,,
Teeguarden.sbml,CRest,,,,
Teeguarden.sbml,CPlasma,,,,
Yang.sbml,BW,body weight,PBPKO:00008,bodyweight,http://purl.obolibrary.org/obo/PBPKO_00008
Yang.sbml,VLc,,,,
Yang.sbml,VPlasmac,,,,
Yang.sbml,VL,,,,
Yang.sbml,VPlasma,,,,
Yang.sbml,VRest,,,,
Yang.sbml,enterocytes,,,,
Yang.sbml,QC,,,,
Yang.sbml,QLc,,,,
Yang.sbml,QL,,,,
Yang.sbml,QRest,,,,
Yang.sbml,PL,,,,
Yang.sbml,PRest,,,,
Yang.sbml,kstoC,,,,
Yang.sbml,ksto,,,,
Yang.sbml,k0C,,,,
Yang.sbml,k0,,,,
Yang.sbml,kabsC,,,,
Yang.sbml,kabs,,,,
Yang.sbml,kfeC,,,,
Yang.sbml,kfe,,,,
Yang.sbml,kfeMet1C,,,,
Yang.sbml,kfeMet1,,,,
Yang.sbml,kabsMet1C,,,,
Yang.sbml,kabsMet1,,,,
Yang.sbml,kabsMet2C,,,,
Yang.sbml,kabsMet2,,,,
Yang.sbml,EHRrateC,,,,
Yang.sbml,EHRrate,,,,
Yang.sbml,kehrMet1C,,,,
Yang.sbml,kehrMet1,,,,
Yang.sbml,kehrMet2C,,,,
Yang.sbml,kehrMet2,,,,
Yang.sbml,BileFracSIMet1,,,,
Yang.sbml,BileFracSIMet2,,,,
Yang.sbml,fGutMet1,,,,
Yang.sbml,KmGILumenMet1,,,,
Yang.sbml,VmaxGILumenMet1c,,,,
Yang.sbml,VmaxGILumenMet1,,,,
Yang.sbml,fGutMet2,,,,
Yang.sbml,KmGILumenMet2,,,,
Yang.sbml,VmaxGILumenMet2c,,,,
Yang.sbml,VmaxGILumenMet2,,,,
Yang.sbml,BileFracLMet1,,,,
Yang.sbml,BileFracLMet2,,,,
Yang.sbml,fLiverMet1,,,,
Yang.sbml,KmLMet1,,,,
Yang.sbml,VmaxLMet1c,,,,
Yang.sbml,VmaxLMet1,,,,
Yang.sbml,fLiverMet2,,,,
Yang.sbml,KmLMet2,,,,
Yang.sbml,VmaxLMet2c,,,,
Yang.sbml,VmaxLMet2,,,,
Yang.sbml,CSt,,,,
Yang.sbml,CSI,,,,
Yang.sbml,CLiver,,,,
Yang.sbml,CPlasma,,,,
Yang.sbml,CRest,,,,
Yang.sbml,ABile,,,,
Yang.sbml,CGut,,,,
Loizou.sbml,BW,body weight,PBPKO:00008,bodyweight,http://purl.obolibrary.org/obo/PBPKO_00008
Loizou.sbml,VLc,,,,
Loizou.sbml,VPlasmac,,,,
Loizou.sbml,VGc,,,,
Loizou.sbml,VL,,,,
Loizou.sbml,VPlasma,,,,
Loizou.sbml,VG,,,,
Loizou.sbml,VRest,,,,
Loizou.sbml,QC,,,,
Loizou.sbml,QLc,,,,
Loizou.sbml,QGc,,,,
Loizou.sbml,QL,,,,
Loizou.sbml,QG,,,,
Loizou.sbml,QRest,,,,
Loizou.sbml,Hct,,,,
Loizou.sbml,fu,,,,
Loizou.sbml,k0C,,,,
Loizou.sbml,k0,,,,
Loizou.sbml,kstoC,,,,
Loizou.sbml,ksto,,,,
Loizou.sbml,kabsC,,,,
Loizou.sbml,kabs,,,,
Loizou.sbml,VmaxGMet1C,,,,
Loizou.sbml,VmaxGMet1,,,,
Loizou.sbml,KmGMet1,,,,
Loizou.sbml,VmaxLMet1C,,,,
Loizou.sbml,VmaxLMet1,,,,
Loizou.sbml,KmLMet1,,,,
Loizou.sbml,VmaxLMet2C,,,,
Loizou.sbml,VmaxLMet2,,,,
Loizou.sbml,KmLMet2,,,,
Loizou.sbml,PL,,,,
Loizou.sbml,PRest,,,,
Loizou.sbml,CLiver,,,,
Loizou.sbml,CPlasma,,,,
Loizou.sbml,CPlasma_Total,,,,
Loizou.sbml,CGut,,,,
Loizou.sbml,CRest,,,,
Husoy.sbml,BW,Bodyweight,PBPKO:00008,bodyweight,http://purl.obolibrary.org/obo/PBPKO_00008
Husoy.sbml,VLc,Liver volume fraction,PBPKO:00078,fraction of liver,http://purl.obolibrary.org/obo/PBPKO_00078
Husoy.sbml,Vplasmac,Volume fraction of plasma,PBPKO:00104,fraction of plasma,http://purl.obolibrary.org/obo/PBPKO_00104
Husoy.sbml,VGIc,Volume fraction of gastrointestinal tract,PBPKO:00509,fraction of gut,http://purl.obolibrary.org/obo/PBPKO_00509
Husoy.sbml,VL,Liver volume,PBPKO:00077,volume of liver,http://purl.obolibrary.org/obo/PBPKO_00077
Husoy.sbml,Vplasma,Plasma volume,PBPKO:00103,volume of plasma,http://purl.obolibrary.org/obo/PBPKO_00103
Husoy.sbml,VGI,Volume of gastrointestinal tissue,PBPKO:00524,volume of gut,http://purl.obolibrary.org/obo/PBPKO_00524
Husoy.sbml,VRest,Volume of rest of the body,PBPKO:00105,volume of rest body,http://purl.obolibrary.org/obo/PBPKO_00105
Husoy.sbml,QC,Cardiac output,PBPKO:00013,cardiac output rate,http://purl.obolibrary.org/obo/PBPKO_00013
Husoy.sbml,QPlasma,Cardiac output of plasma,PBPKO:00528,cardiac output rate of plasma,http://purl.obolibrary.org/obo/PBPKO_00528
Husoy.sbml,Htc,Hematocrit,PBPKO:00527,hematocrit volume,http://purl.obolibrary.org/obo/PBPKO_00527
Husoy.sbml,QLc,Fraction of blood flow to liver,PBPKO:00025,fraction of blood flow to liver,http://purl.obolibrary.org/obo/PBPKO_00025
Husoy.sbml,QGIc,Fraction of blood flow to gastrointestinal tissue,PBPKO:00513,fraction of blood flow to gut,http://purl.obolibrary.org/obo/PBPKO_00513
Husoy.sbml,QL,Liver blood flow,PBPKO:00024,blood flow rate to liver,http://purl.obolibrary.org/obo/PBPKO_00024
Husoy.sbml,QGI,Gastrointestinal tissue blood flow,PBPKO:00531,blood flow rate to gut,http://purl.obolibrary.org/obo/PBPKO_00531
Husoy.sbml,QRest,Blood flow to rest of body,PBPKO:00050,blood flow rate to restbody,http://purl.obolibrary.org/obo/PBPKO_00050
Husoy.sbml,Free,Unbound fraction,PBPKO:00149,unbound fraction,http://purl.obolibrary.org/obo/PBPKO_00149
Husoy.sbml,kfeC,Intrinsic rate of fecal excretion,,,
Husoy.sbml,kfe,Fecal excretion rate,PBPKO:00230,fecal clearance rate,http://purl.obolibrary.org/obo/PBPKO_00230
Husoy.sbml,kbiliaryC,Intrinsic rate of biliary clearance,,,
Husoy.sbml,kbiliary,Biliary clearance rate,PBPKO:00233,biliary clearance rate,http://purl.obolibrary.org/obo/PBPKO_00233
Husoy.sbml,PL,Liver to plasma partition coefficient,PBPKO:00170,liver plasma partition coefficient,http://purl.obolibrary.org/obo/PBPKO_00170
Husoy.sbml,PG,Gastrointestinal tissue to plasma partition coefficient,PBPKO:00166,gut plasma partition coefficient,http://purl.obolibrary.org/obo/PBPKO_00166
Husoy.sbml,PRest,Rest of the body to plasma partition coefficient,PBPKO:00518,restbody plasma partition coefficient,http://purl.obolibrary.org/obo/PBPKO_00518
Husoy.sbml,CGI,Concentration in gastrointestinal tissue,PBPKO:00538,concentration in gut,http://purl.obolibrary.org/obo/PBPKO_00538
Husoy.sbml,CLiver,Concentration in liver,PBPKO:00539,concentration in liver,http://purl.obolibrary.org/obo/PBPKO_00539
Husoy.sbml,CPlasma,Unbound concentration in plasma,,,
Husoy.sbml,CPlasmaTotal,Total concentration in plasma,PBPKO:00549,concentration in plasma,http://purl.obolibrary.org/obo/PBPKO_00549
Husoy.sbml,CRest,Concentration in rest of the body,PBPKO:00548,concentration in restbody,http://purl.obolibrary.org/obo/PBPKO_00548
Chen.sbml,BW,Bodyweight,PBPKO:00008,bodyweight,http://purl.obolibrary.org/obo/PBPKO_00008
Chen.sbml,VLc,Volume fraction of the liver,PBPKO:00078,fraction of liver,http://purl.obolibrary.org/obo/PBPKO_00078
Chen.sbml,VPlasmac,Volume fraction of plasma,PBPKO:00104,fraction of plasma,http://purl.obolibrary.org/obo/PBPKO_00104
Chen.sbml,VL,Liver volume,PBPKO:00077,volume of liver,http://purl.obolibrary.org/obo/PBPKO_00077
Chen.sbml,VPlasma,Plasma volume,PBPKO:00103,volume of plasma,http://purl.obolibrary.org/obo/PBPKO_00103
Chen.sbml,VRest,Volume of the rest compartment,PBPKO:00105,volume of rest body,http://purl.obolibrary.org/obo/PBPKO_00105
Chen.sbml,QC,Cardiac output,PBPKO:00013,cardiac output rate,http://purl.obolibrary.org/obo/PBPKO_00013
Chen.sbml,QPlasma,Cardiac output of plasma,PBPKO:00528,cardiac output rate of plasma,http://purl.obolibrary.org/obo/PBPKO_00528
Chen.sbml,Htc,Hematocrit,PBPKO:00527,hematocrit volume,http://purl.obolibrary.org/obo/PBPKO_00527
Chen.sbml,QLc,Fraction of blood flow to liver,PBPKO:00025,fraction of blood flow to liver,http://purl.obolibrary.org/obo/PBPKO_00025
Chen.sbml,QL,Blood flow to liver,PBPKO:00024,blood flow rate to liver,http://purl.obolibrary.org/obo/PBPKO_00024
Chen.sbml,QRest,Blood flow to rest of body,PBPKO:00050,blood flow rate to restbody,http://purl.obolibrary.org/obo/PBPKO_00050
Chen.sbml,Free,Unbound fraction,PBPKO:00149,unbound fraction,http://purl.obolibrary.org/obo/PBPKO_00149
Chen.sbml,kstoC,Intrinsic gastric emptying rate,,,
Chen.sbml,ksto,Gastric emptying rate,PBPKO:00143,gastric emptying rate,http://purl.obolibrary.org/obo/PBPKO_00143
Chen.sbml,kabsC,Intrinsic absorption rate,,,
Chen.sbml,kabs,Absorption rate constant,PBPKO:00142,absorption rate constant intestine,http://purl.obolibrary.org/obo/PBPKO_00142
Chen.sbml,k0C,Intrinsic uptake rate from the stomach,,,
Chen.sbml,k0,Stomach uptake rate,,,
Chen.sbml,kfeC,Intrinsic fecal excretion rate,,,
Chen.sbml,kfe,Fecal excretion rate,PBPKO:00236,fecal elimination rate constant,http://purl.obolibrary.org/obo/PBPKO_00236
Chen.sbml,kbiliaryC,Intrinsic biliary excretion rate,,,
Chen.sbml,kbiliary,Biliary excretion rate,PBPKO:00233,biliary clearance rate,http://purl.obolibrary.org/obo/PBPKO_00233
Chen.sbml,PL,Liver to plasma partition coefficient,PBPKO:00170,liver plasma partition coefficient,http://purl.obolibrary.org/obo/PBPKO_00170
Chen.sbml,PRest,Rest of body to plasma partition coefficient,PBPKO:00518,restbody plasma partition coefficient,http://purl.obolibrary.org/obo/PBPKO_00518
Chen.sbml,CLiver,Concentration in liver,PBPKO:00539,concentration in liver,http://purl.obolibrary.org/obo/PBPKO_00539
Chen.sbml,CPlasma,Unbound concentration in plasma,,,
Chen.sbml,CPlasmaTotal,Total concentration in plasma,PBPKO:00549,concentration in plasma,http://purl.obolibrary.org/obo/PBPKO_00549
Chen.sbml,CRest,Concentration in rest of body,PBPKO:00548,concentration in restbody,http://purl.obolibrary.org/obo/PBPKO_00548
LoccisanoPFOA.sbml,BW,Bodyweight,PBPKO:00008,bodyweight,http://purl.obolibrary.org/obo/PBPKO_00008
LoccisanoPFOA.sbml,VLc,Volume fraction of liver,PBPKO:00078,fraction of liver,http://purl.obolibrary.org/obo/PBPKO_00078
LoccisanoPFOA.sbml,VPlasmac,Volume fraction of plasma,PBPKO:00104,fraction of plasma,http://purl.obolibrary.org/obo/PBPKO_00104
LoccisanoPFOA.sbml,VGIc,Volume fraction of gastrointestinal tissue,PBPKO:00509,fraction of gut,http://purl.obolibrary.org/obo/PBPKO_00509
LoccisanoPFOA.sbml,VL,Volume of liver,PBPKO:00077,volume of liver,http://purl.obolibrary.org/obo/PBPKO_00077
LoccisanoPFOA.sbml,VPlasma,Volume of plasma,PBPKO:00103,volume of plasma,http://purl.obolibrary.org/obo/PBPKO_00103
LoccisanoPFOA.sbml,VGI,Volume of gastrointestinal tissue,PBPKO:00524,volume of gut,http://purl.obolibrary.org/obo/PBPKO_00524
LoccisanoPFOA.sbml,VRest,Volume of the rest of the body,PBPKO:00105,volume of rest body,http://purl.obolibrary.org/obo/PBPKO_00105
LoccisanoPFOA.sbml,QC,Cardiac output,PBPKO:00013,cardiac output rate,http://purl.obolibrary.org/obo/PBPKO_00013
LoccisanoPFOA.sbml,QPlasma,Cardiac output adjusted for plasma,PBPKO:00528,cardiac output rate of plasma,http://purl.obolibrary.org/obo/PBPKO_00528
LoccisanoPFOA.sbml,Htc,Hematocrit,PBPKO:00527,hematocrit volume,http://purl.obolibrary.org/obo/PBPKO_00527
LoccisanoPFOA.sbml,QLc,Fraction of blood flow to liver,PBPKO:00025,fraction of blood flow to liver,http://purl.obolibrary.org/obo/PBPKO_00025
LoccisanoPFOA.sbml,QGIc,Fraction of blood flow to gastrointestinal tract,PBPKO:00513,fraction of blood flow to gut,http://purl.obolibrary.org/obo/PBPKO_00513
LoccisanoPFOA.sbml,QL,Liver blood flow,PBPKO:00024,blood flow rate to liver,http://purl.obolibrary.org/obo/PBPKO_00024
LoccisanoPFOA.sbml,QGI,Blood flow rate to gastrointestinal tract,PBPKO:00531,blood flow rate to gut,http://purl.obolibrary.org/obo/PBPKO_00531
LoccisanoPFOA.sbml,QRest,Blood flow rate to rest of the body,PBPKO:00050,blood flow rate to restbody,http://purl.obolibrary.org/obo/PBPKO_00050
LoccisanoPFOA.sbml,Free,Fraction unbound in plasma,PBPKO:00591,fraction unbound plasma,http://purl.obolibrary.org/obo/PBPKO_00591
LoccisanoPFOA.sbml,PL,Liver to plasma partition coefficient,PBPKO:00170,liver plasma partition coefficient,http://purl.obolibrary.org/obo/PBPKO_00170
LoccisanoPFOA.sbml,PG,Gastrointestinal tract tissue to plasma partition coefficient,PBPKO:00166,gut plasma partition coefficient,http://purl.obolibrary.org/obo/PBPKO_00166
LoccisanoPFOA.sbml,PRest,Rest of the body to plasma partition coefficient,PBPKO:00518,restbody plasma partition coefficient,http://purl.obolibrary.org/obo/PBPKO_00518
LoccisanoPFOA.sbml,CGI,Concentration in the gastrointestinal tract,PBPKO:00538,concentration in gut,http://purl.obolibrary.org/obo/PBPKO_00538
LoccisanoPFOA.sbml,CLiver,Concentration in the liver,PBPKO:00539,concentration in liver,http://purl.obolibrary.org/obo/PBPKO_00539
LoccisanoPFOA.sbml,CPlasma,Free concentration in plasma,,,
LoccisanoPFOA.sbml,CPlasmaTotal,Total concentration in plasma,PBPKO:00549,concentration in plasma,http://purl.obolibrary.org/obo/PBPKO_00549
LoccisanoPFOA.sbml,CRest,Concentration in rest of body,PBPKO:00548,concentration in restbody,http://purl.obolibrary.org/obo/PBPKO_00548
Deepika.sbml,BW,bodyweight,PBPKO:00008,bodyweight,http://purl.obolibrary.org/obo/PBPKO_00008
Deepika.sbml,VLc,Volume fraction of liver,PBPKO:00078,fraction of liver,http://purl.obolibrary.org/obo/PBPKO_00078
Deepika.sbml,VPlasmac,Volume fraction of plasma,PBPKO:00104,fraction of plasma,http://purl.obolibrary.org/obo/PBPKO_00104
Deepika.sbml,VGc,Volume fraction of gut,PBPKO:00509,fraction of gut,http://purl.obolibrary.org/obo/PBPKO_00509
Deepika.sbml,VL,Liver volume,PBPKO:00077,volume of liver,http://purl.obolibrary.org/obo/PBPKO_00077
Deepika.sbml,VPlasma,Volume of plasma,PBPKO:00103,volume of plasma,http://purl.obolibrary.org/obo/PBPKO_00103
Deepika.sbml,VG,Volume of the gut,PBPKO:00524,volume of gut,http://purl.obolibrary.org/obo/PBPKO_00524
Deepika.sbml,VRest,Volume of the rest of the body,PBPKO:00105,volume of rest body,http://purl.obolibrary.org/obo/PBPKO_00105
Deepika.sbml,QC,Cardiac output,PBPKO:00013,cardiac output rate,http://purl.obolibrary.org/obo/PBPKO_00013
Deepika.sbml,QPlasma,Cardiac output of plasma,PBPKO:00528,cardiac output rate of plasma,http://purl.obolibrary.org/obo/PBPKO_00528
Deepika.sbml,Htc,Hematocrit,PBPKO:00527,hematocrit volume,http://purl.obolibrary.org/obo/PBPKO_00527
Deepika.sbml,QLc,Fraction of blood flow to liver,PBPKO:00025,fraction of blood flow to liver,http://purl.obolibrary.org/obo/PBPKO_00025
Deepika.sbml,QGc,Fraction of blood flow to gut,PBPKO:00513,fraction of blood flow to gut,http://purl.obolibrary.org/obo/PBPKO_00513
Deepika.sbml,QL,Liver blood flow,PBPKO:00024,blood flow rate to liver,http://purl.obolibrary.org/obo/PBPKO_00024
Deepika.sbml,QG,Gut blood flow,PBPKO:00531,blood flow rate to gut,http://purl.obolibrary.org/obo/PBPKO_00531
Deepika.sbml,QRest,Blood flow to the rest of the body,PBPKO:00050,blood flow rate to restbody,http://purl.obolibrary.org/obo/PBPKO_00050
Deepika.sbml,Free,Unbound fraction,PBPKO:00149,unbound fraction,http://purl.obolibrary.org/obo/PBPKO_00149
Deepika.sbml,PL,Liver to plasma partition coefficient,PBPKO:00170,liver plasma partition coefficient,http://purl.obolibrary.org/obo/PBPKO_00170
Deepika.sbml,PG,Gut to plasma partition coefficient,PBPKO:00166,gut plasma partition coefficient,http://purl.obolibrary.org/obo/PBPKO_00166
Deepika.sbml,PRest,Rest of body to plasma partition coefficient,PBPKO:00518,restbody plasma partition coefficient,http://purl.obolibrary.org/obo/PBPKO_00518
Deepika.sbml,CGI,Concentration in gastrointestinal tract,PBPKO:00538,concentration in gut,http://purl.obolibrary.org/obo/PBPKO_00538
Deepika.sbml,CLiver,Concentration in liver,PBPKO:00539,concentration in liver,http://purl.obolibrary.org/obo/PBPKO_00539
Deepika.sbml,CPlasma,Unbound concentration in plasma,,,
Deepika.sbml,CPlasmaTotal,Total concentration in plasma,PBPKO:00549,concentration in plasma,http://purl.obolibrary.org/obo/PBPKO_00549
Deepika.sbml,CRest,Concentration in rest of body,PBPKO:00548,concentration in restbody,http://purl.obolibrary.org/obo/PBPKO_00548
LoccisanoPFOS.sbml,BW,Bodyweight,PBPKO:00008,bodyweight,http://purl.obolibrary.org/obo/PBPKO_00008
LoccisanoPFOS.sbml,VLc,Volume fraction of the liver,PBPKO:00078,fraction of liver,http://purl.obolibrary.org/obo/PBPKO_00078
LoccisanoPFOS.sbml,VPlasmac,Volume fraction of plasma,PBPKO:00104,fraction of plasma,http://purl.obolibrary.org/obo/PBPKO_00104
LoccisanoPFOS.sbml,VGIc,Volume fraction of gastrointestinal tissue,PBPKO:00509,fraction of gut,http://purl.obolibrary.org/obo/PBPKO_00509
LoccisanoPFOS.sbml,VL,Volume of liver,PBPKO:00077,volume of liver,http://purl.obolibrary.org/obo/PBPKO_00077
LoccisanoPFOS.sbml,VPlasma,Volume of plasma,PBPKO:00103,volume of plasma,http://purl.obolibrary.org/obo/PBPKO_00103
LoccisanoPFOS.sbml,VGI,Volume of gastrointestinal tissue,PBPKO:00524,volume of gut,http://purl.obolibrary.org/obo/PBPKO_00524
LoccisanoPFOS.sbml,VRest,Volume of the rest of the body,PBPKO:00105,volume of rest body,http://purl.obolibrary.org/obo/PBPKO_00105
LoccisanoPFOS.sbml,Htc,Hematocrit,PBPKO:00527,hematocrit volume,http://purl.obolibrary.org/obo/PBPKO_00527
LoccisanoPFOS.sbml,Free,Fraction unbound,PBPKO:00149,unbound fraction,http://purl.obolibrary.org/obo/PBPKO_00149
LoccisanoPFOS.sbml,QC,Cardiac output,PBPKO:00013,cardiac output rate,http://purl.obolibrary.org/obo/PBPKO_00013
LoccisanoPFOS.sbml,QPlasma,Cardiac output of plasma,PBPKO:00528,cardiac output rate of plasma,http://purl.obolibrary.org/obo/PBPKO_00528
LoccisanoPFOS.sbml,QLc,Fraction of blood flow to liver,PBPKO:00025,fraction of blood flow to liver,http://purl.obolibrary.org/obo/PBPKO_00025
LoccisanoPFOS.sbml,QGIc,Fraction of blood flow to gastrointestinal tissue,PBPKO:00513,fraction of blood flow to gut,http://purl.obolibrary.org/obo/PBPKO_00513
LoccisanoPFOS.sbml,QL,Liver blood flow,PBPKO:00024,blood flow rate to liver,http://purl.obolibrary.org/obo/PBPKO_00024
LoccisanoPFOS.sbml,QGI,Gastrointestinal tissue blood flow,PBPKO:00531,blood flow rate to gut,http://purl.obolibrary.org/obo/PBPKO_00531
LoccisanoPFOS.sbml,QRest,Blood flow rate to rest of body,PBPKO:00050,blood flow rate to restbody,http://purl.obolibrary.org/obo/PBPKO_00050
LoccisanoPFOS.sbml,PL,Liver to plasma partition coefficient,PBPKO:00170,liver plasma partition coefficient,http://purl.obolibrary.org/obo/PBPKO_00170
LoccisanoPFOS.sbml,PG,Gastrointestinal tissue to plasma partition coefficient,PBPKO:00166,gut plasma partition coefficient,http://purl.obolibrary.org/obo/PBPKO_00166
LoccisanoPFOS.sbml,PRest,Rest of the body to plasma partition coefficient,PBPKO:00518,restbody plasma partition coefficient,http://purl.obolibrary.org/obo/PBPKO_00518
LoccisanoPFOS.sbml,CGI,Concentration in gastrointestinal tissue,PBPKO:00538,concentration in gut,http://purl.obolibrary.org/obo/PBPKO_00538
LoccisanoPFOS.sbml,CLiver,Concentration in liver,PBPKO:00539,concentration in liver,http://purl.obolibrary.org/obo/PBPKO_00539
LoccisanoPFOS.sbml,CPlasma,Free concentration in plasma,,,
LoccisanoPFOS.sbml,CPlasmaTotal,Total concentration in plasma,PBPKO:00549,concentration in plasma,http://purl.obolibrary.org/obo/PBPKO_00549
LoccisanoPFOS.sbml,CRest,Concentration in rest of body,PBPKO:00548,concentration in restbody,http://purl.obolibrary.org/obo/PBPKO_00548
ChouLin.sbml,BW,Bodyweight,PBPKO:00008,bodyweight,http://purl.obolibrary.org/obo/PBPKO_00008
ChouLin.sbml,VLc,Volume fraction of the liver,PBPKO:00078,fraction of liver,http://purl.obolibrary.org/obo/PBPKO_00078
ChouLin.sbml,VPlasmac,Volume fraction of plasma,PBPKO:00104,fraction of plasma,http://purl.obolibrary.org/obo/PBPKO_00104
ChouLin.sbml,VL,Liver volume,PBPKO:00077,volume of liver,http://purl.obolibrary.org/obo/PBPKO_00077
ChouLin.sbml,VPlasma,Plasma volume,PBPKO:00103,volume of plasma,http://purl.obolibrary.org/obo/PBPKO_00103
ChouLin.sbml,VRest,Rest of body volume,PBPKO:00105,volume of rest body,http://purl.obolibrary.org/obo/PBPKO_00105
ChouLin.sbml,QC,Cardiac output,PBPKO:00013,cardiac output rate,http://purl.obolibrary.org/obo/PBPKO_00013
ChouLin.sbml,QPlasma,Cardiac output of plasma,PBPKO:00528,cardiac output rate of plasma,http://purl.obolibrary.org/obo/PBPKO_00528
ChouLin.sbml,Htc,Hematocrit,PBPKO:00527,hematocrit volume,http://purl.obolibrary.org/obo/PBPKO_00527
ChouLin.sbml,QLc,Fraction of blood flow to liver,PBPKO:00025,fraction of blood flow to liver,http://purl.obolibrary.org/obo/PBPKO_00025
ChouLin.sbml,QL,Liver blood flow,PBPKO:00024,blood flow rate to liver,http://purl.obolibrary.org/obo/PBPKO_00024
ChouLin.sbml,QRest,Blood flow to rest of body,PBPKO:00050,blood flow rate to restbody,http://purl.obolibrary.org/obo/PBPKO_00050
ChouLin.sbml,Free,Unbound fraction,PBPKO:00149,unbound fraction,http://purl.obolibrary.org/obo/PBPKO_00149
ChouLin.sbml,kstoC,Intrinsic gastric emptying rate,,,
ChouLin.sbml,ksto,Gastric emptying rate,PBPKO:00143,gastric emptying rate,http://purl.obolibrary.org/obo/PBPKO_00143
ChouLin.sbml,kabsC,Intrinsic absorption rate,,,
ChouLin.sbml,kabs,Absorption rate,PBPKO:00142,absorption rate constant intestine,http://purl.obolibrary.org/obo/PBPKO_00142
ChouLin.sbml,k0C,Intrinsic stomach absorption rate,,,
ChouLin.sbml,k0,Stomach absorption rate,,,
ChouLin.sbml,kfeC,Intrinsic fecal excretion rate,,,
ChouLin.sbml,kfe,Fecal excretion rate,PBPKO:00236,fecal elimination rate constant,http://purl.obolibrary.org/obo/PBPKO_00236
ChouLin.sbml,kbiliaryC,Intrinsic biliary excretion rate,,,
ChouLin.sbml,kbiliary,Biliary excretion rate,PBPKO:00233,biliary clearance rate,http://purl.obolibrary.org/obo/PBPKO_00233
ChouLin.sbml,PL,Liver to plasma partition coefficient,PBPKO:00170,liver plasma partition coefficient,http://purl.obolibrary.org/obo/PBPKO_00170
ChouLin.sbml,PRest,Rest of the body to plasma partition coefficient,PBPKO:00518,restbody plasma partition coefficient,http://purl.obolibrary.org/obo/PBPKO_00518
ChouLin.sbml,CLiver,Concentration in liver,PBPKO:00539,concentration in liver,http://purl.obolibrary.org/obo/PBPKO_00539
ChouLin.sbml,CPlasma,Unbound concentration in plasma,,,
ChouLin.sbml,CPlasmaTotal,Total concentration in plasma,PBPKO:00549,concentration in plasma,http://purl.obolibrary.org/obo/PBPKO_00549
ChouLin.sbml,CRest,Concentration in rest of the body,PBPKO:00548,concentration in restbody,http://purl.obolibrary.org/obo/PBPKO_00548
Worley.sbml,BW,Bodyweight,PBPKO:00008,bodyweight,http://purl.obolibrary.org/obo/PBPKO_00008
Worley.sbml,VLc,Volume fraction of liver,PBPKO:00078,fraction of liver,http://purl.obolibrary.org/obo/PBPKO_00078
Worley.sbml,VPlasmac,Volume fraction of plasma,PBPKO:00104,fraction of plasma,http://purl.obolibrary.org/obo/PBPKO_00104
Worley.sbml,VL,Liver volume,PBPKO:00077,volume of liver,http://purl.obolibrary.org/obo/PBPKO_00077
Worley.sbml,VPlasma,Volume of plasma,PBPKO:00103,volume of plasma,http://purl.obolibrary.org/obo/PBPKO_00103
Worley.sbml,VRest,Volume of the rest of the body,PBPKO:00105,volume of rest body,http://purl.obolibrary.org/obo/PBPKO_00105
Worley.sbml,QC,Cardiac output,PBPKO:00013,cardiac output rate,http://purl.obolibrary.org/obo/PBPKO_00013
Worley.sbml,QCP,Cardiac output of plasma,PBPKO:00528,cardiac output rate of plasma,http://purl.obolibrary.org/obo/PBPKO_00528
Worley.sbml,Htc,Hematocrit,PBPKO:00527,hematocrit volume,http://purl.obolibrary.org/obo/PBPKO_00527
Worley.sbml,QLc,Fraction of blood flow to liver,PBPKO:00025,fraction of blood flow to liver,http://purl.obolibrary.org/obo/PBPKO_00025
Worley.sbml,QL,Liver blood flow,PBPKO:00024,blood flow rate to liver,http://purl.obolibrary.org/obo/PBPKO_00024
Worley.sbml,QRest,Blood flow to rest of body,PBPKO:00050,blood flow rate to restbody,http://purl.obolibrary.org/obo/PBPKO_00050
Worley.sbml,Free,Unbound fraction,PBPKO:00149,unbound fraction,http://purl.obolibrary.org/obo/PBPKO_00149
Worley.sbml,kstoC,Intrinsic gastric emptying rate,,,
Worley.sbml,ksto,Gastric emptying rate,PBPKO:00143,gastric emptying rate,http://purl.obolibrary.org/obo/PBPKO_00143
Worley.sbml,kabsC,Intrinsic absorption rate,,,
Worley.sbml,kabs,Absorption rate constant,PBPKO:00142,absorption rate constant intestine,http://purl.obolibrary.org/obo/PBPKO_00142
Worley.sbml,k0C,Intrinsic stomach absorption rate,,,
Worley.sbml,k0,Stomach absorption rate,,,
Worley.sbml,kfeC,Intrinsic fecal excretion rate,,,
Worley.sbml,kfe,Fecal excretion rate,PBPKO:00236,fecal elimination rate constant,http://purl.obolibrary.org/obo/PBPKO_00236
Worley.sbml,kbiliaryC,Intrinsic biliary clearance rate,,,
Worley.sbml,kbiliary,Biliary clearance rate,PBPKO:00233,biliary clearance rate,http://purl.obolibrary.org/obo/PBPKO_00233
Worley.sbml,PL,Liver to plasma partition coefficient,PBPKO:00170,liver plasma partition coefficient,http://purl.obolibrary.org/obo/PBPKO_00170
Worley.sbml,PRest,Rest of body to plasma partition coefficient,PBPKO:00518,restbody plasma partition coefficient,http://purl.obolibrary.org/obo/PBPKO_00518
Worley.sbml,CLiver,Concentration in liver,PBPKO:00539,concentration in liver,http://purl.obolibrary.org/obo/PBPKO_00539
Worley.sbml,CPlasma,Unbound concentration in plasma,,,
Worley.sbml,CPlasmaTotal,Total concentration in plasma,PBPKO:00549,concentration in plasma,http://purl.obolibrary.org/obo/PBPKO_00549
Worley.sbml,CRest,Concentration in rest of body,PBPKO:00548,concentration in restbody,http://purl.obolibrary.org/obo/PBPKO_00548
model_C_inh_exh_art_ven.sbml,Vblood,,,,
model_C_inh_exh_art_ven.sbml,BW,body weight,PBPKO:00008,bodyweight,http://purl.obolibrary.org/obo/PBPKO_00008
model_C_inh_exh_art_ven.sbml,sc_Vblood,,,,
model_C_inh_exh_art_ven.sbml,Vrest,,,,
model_C_inh_exh_art_ven.sbml,sc_Vrest,,,,
model_C_inh_exh_art_ven.sbml,Vbloodlung,,,,
model_C_inh_exh_art_ven.sbml,sc_Vbloodlung,,,,
model_C_inh_exh_art_ven.sbml,Vlung,,,,
model_C_inh_exh_art_ven.sbml,sc_Vlung,,,,
model_C_inh_exh_art_ven.sbml,Vart,,,,
model_C_inh_exh_art_ven.sbml,Vven,,,,
model_C_inh_exh_art_ven.sbml,Falv,,,,
model_C_inh_exh_art_ven.sbml,Vair,,,,
model_C_inh_exh_art_ven.sbml,Fabs,,,,
model_C_inh_exh_art_ven.sbml,Qbloodlung,,,,
model_C_inh_exh_art_ven.sbml,Qlung,,,,
model_C_inh_exh_art_ven.sbml,k_bloodlung_blood,,,,
model_C_inh_exh_art_ven.sbml,Qrest,,,,
model_C_inh_exh_art_ven.sbml,k_rest_blood,,,,
model_C_inh_exh_art_ven.sbml,k_lung_blood,,,,
model_C_inh_exh_art_ven.sbml,CO,,,,
model_C_inh_exh_art_ven.sbml,PCAir,,,,
model_B_inh_exh_art_ven.sbml,Vblood,,,,
model_B_inh_exh_art_ven.sbml,BW,body weight,PBPKO:00008,bodyweight,http://purl.obolibrary.org/obo/PBPKO_00008
model_B_inh_exh_art_ven.sbml,sc_Vblood,,,,
model_B_inh_exh_art_ven.sbml,Vrest,,,,
model_B_inh_exh_art_ven.sbml,sc_Vrest,,,,
model_B_inh_exh_art_ven.sbml,Vlung,,,,
model_B_inh_exh_art_ven.sbml,sc_Vlung,,,,
model_B_inh_exh_art_ven.sbml,Vart,,,,
model_B_inh_exh_art_ven.sbml,Vven,,,,
model_B_inh_exh_art_ven.sbml,Falv,,,,
model_B_inh_exh_art_ven.sbml,Vair,,,,
model_B_inh_exh_art_ven.sbml,Fabs,,,,
model_B_inh_exh_art_ven.sbml,Qlung,,,,
model_B_inh_exh_art_ven.sbml,k_lung_blood,,,,
model_B_inh_exh_art_ven.sbml,Qrest,,,,
model_B_inh_exh_art_ven.sbml,k_rest_blood,,,,
model_B_inh_exh_art_ven.sbml,CO,,,,
model_B_inh_exh_art_ven.sbml,PCAir,,,,
model_A_inh_exh_art_ven.sbml,Vblood,,,,
model_A_inh_exh_art_ven.sbml,BW,body weight,PBPKO:00008,bodyweight,http://purl.obolibrary.org/obo/PBPKO_00008
model_A_inh_exh_art_ven.sbml,sc_Vblood,,,,
model_A_inh_exh_art_ven.sbml,Vrest,,,,
model_A_inh_exh_art_ven.sbml,sc_Vrest,,,,
model_A_inh_exh_art_ven.sbml,Vart,,,,
model_A_inh_exh_art_ven.sbml,Vven,,,,
model_A_inh_exh_art_ven.sbml,Falv,,,,
model_A_inh_exh_art_ven.sbml,Vair,,,,
model_A_inh_exh_art_ven.sbml,Fabs,,,,
model_A_inh_exh_art_ven.sbml,Qrest,,,,
model_A_inh_exh_art_ven.sbml,k_rest_blood,,,,
model_A_inh_exh_art_ven.sbml,CO,,,,
model_A_inh_exh_art_ven.sbml,PCAir,,,,
